Workbook

Sheet README
A1: ATP — Pre-Launch Test Plan
A2: Coverage check before going live. ~21 tests per team member, ~105 total.
A4: How to use this workbook
A5: 1. Open the sheet with your name.
A6: 2. Walk each test in order. Use the Steps + Expected Result columns.
A7: 3. Set Status (Pass / Fail / Blocked / N/A). Cells colour-code automatically.
A8: 4. If you fail or block a test, write what you saw in Notes + which Browser/Device.
A9: 5. Filter by Status to retest after a fix lands.
A10: 6. Check the Summary sheet to see overall pass rate by owner.
A13: Priority key
A14: P0 | B14: Critical. Must work before launch. Block ship if Fail.
A15: P1 | B15: High. Should work. A handful of P1 fails is acceptable if shipped with a clear known-issue list.
A16: P2 | B16: Nice-to-have polish. Track for post-launch.
A19: Status legend
A20: Not Tested | B20: Default. Hasn't been walked yet.
A21: Pass | B21: Behaviour matches expected result exactly.
A22: Fail | B22: Behaviour does NOT match. Write what you saw in Notes.
A23: Blocked | B23: Could not test (data missing, backend down, dependency stuck).
A24: N/A | B24: Test doesn't apply (e.g. ambassador test on a non-ambassador account).
A26: Owner focus areas
A27: Fredy | B27: Auth + Profile — login/logout, magic-link reset, avatar, tribe nudge, friend-request badges.
A28: Taty | B28: Community feed — posts, images/videos, like/compose, tribe filter, feedback widget, social/block.
A29: Alex | B29: Sessions — compact hero, calendar default, hover popover, filters, booking + QR + cancel.
A30: Doha | B30: Rewards + Store + Referrals + Ambassador — points, redemption, code share, scanner.
A31: Jay | B31: Cross-cutting — mobile responsive, cross-browser, performance, coaches, admin, 404, blog.

Sheet Fredy
A1: ATP Pre-Launch Tests — Fredy
A2: Walk each row, set Status, leave Notes if Fail/Blocked. Filter the Status column when retesting.
A4: Test ID | B4: Priority | C4: Area | D4: Title | E4: Steps to reproduce | F4: Expected result | G4: Status | H4: Browser / Device | I4: Notes
A5: F-001 | B5: P0 | C5: Auth | D5: Email + password login from index | E5: 1. Open homepage in private window 2. Click 'Log in' (top right) 3. Enter valid email + password 4. Submit | F5: Modal closes, top-right shows first name + avatar, nav buttons swap to logged-in chrome | G5: Not Tested
A6: F-002 | B6: P0 | C6: Auth | D6: Logout from index clears token | E6: 1. Logged in on homepage 2. Click 'Log out' (top-right) | F6: Top-right swaps back to 'Log in / Join free'. Refresh page: still logged out. Token + member cleared from localStorage | G6: Not Tested
A7: F-003 | B7: P0 | C7: Auth | D7: Logout from profile redirects to index | E7: 1. Open /profile.html while logged in 2. Click 'Log out' on the nav user card | F7: Page hard-redirects to /index.html. Token + cached member cleared. Refresh: still logged out | G7: Not Tested
A8: F-004 | B8: P0 | C8: Auth | D8: Login again after logout works (no stale token) | E8: 1. Log out 2. Immediately click 'Log in' again 3. Enter same email + password 4. Submit | F8: Modal opens, accepts credentials, logs in cleanly (no 'modal does nothing' silent failure) | G8: Not Tested
A9: F-005 | B9: P0 | C9: Auth | D9: Forgot password link visible in login modal | E9: 1. Open login modal (top-right Log in) 2. Scan below the password field | F9: 'Forgot your password?' link is visible, underlined, muted-grey. Hidden on the signup variant of the modal | G9: Not Tested
A10: F-006 | B10: P0 | C10: Auth | D10: Forgot password → email field appears | E10: 1. Click 'Forgot your password?' inside the login modal | F10: Form swaps to a single email input + 'Send sign-in link' button + '← Back to login' link | G10: Not Tested
A11: F-007 | B11: P0 | C11: Auth | D11: Magic link email arrives within 60 s | E11: 1. Submit a valid email in the forgot-password flow 2. Open the inbox of that address | F11: Email arrives within 60 seconds. From: At The Park. Contains a magic-link button. Link points at /auth/verify?token=…&email=… | G11: Not Tested
A12: F-008 | B12: P0 | C12: Auth | D12: Magic link click shows 'Set a new password?' prompt | E12: 1. Click the magic link in the email | F12: Lands on /auth/verify, says 'You're in', then reveals 'Would you like to set a new password?' with Set / Skip buttons | G12: Not Tested
A13: F-009 | B13: P1 | C13: Auth | D13: Set new password form (no current password required) | E13: 1. From the prompt above, click 'Set a password' 2. Enter a 8+ char password 3. Submit | F13: Saves without asking for the old password (magic-link grace), then redirects to /profile.html | G13: Not Tested
A14: F-010 | B14: P1 | C14: Auth | D14: Skip jumps straight to profile | E14: 1. From the prompt above, click 'Skip for now' | F14: Redirects to /profile.html. No password change persisted. Member remains logged in | G14: Not Tested
A15: F-011 | B15: P0 | C15: Profile | D15: Top-right nav shows first name (not 'Member') | E15: 1. Log in 2. Open any page (index, sessions, profile) 3. Look at top-right nav | F15: Shows the member's actual first name (e.g. 'Frederico') + initials. Never the fallback string 'Member' | G15: Not Tested
A16: F-012 | B16: P0 | C16: Profile | D16: Uploaded avatar shows everywhere | E16: 1. Upload a profile photo via /profile.html → Edit Profile → Change photo 2. Refresh 3. Open /profile, /community, /index | F16: Photo is visible on profile hero, top-right nav avatar, comments author chips, leaderboard rows. Never the gradient-initials placeholder once an upload exists | G16: Not Tested
... A25: F-021 | B25: P0 | C25: Profile | D25: Notification bell count matches reality | E25: 1. Open the bell icon dropdown 2. Cross-check against /api/notifications response | F25: Number shown on the bell = unread_count. No stale 'X sent you a friend request' notif when no pending request exists | G25: Not Tested

Sheet Taty
A1: ATP Pre-Launch Tests — Taty
A2: Walk each row, set Status, leave Notes if Fail/Blocked. Filter the Status column when retesting.
A4: Test ID | B4: Priority | C4: Area | D4: Title | E4: Steps to reproduce | F4: Expected result | G4: Status | H4: Browser / Device | I4: Notes
A5: T-001 | B5: P0 | C5: Community | D5: Feed loads with posts | E5: 1. Open /community.html 2. Wait for feed to populate | F5: Within ~2 s, the feed shows real posts (most recent first). No infinite spinner. No 401/500 errors in console | G5: Not Tested
A6: T-002 | B6: P0 | C6: Community | D6: Post text content is visible | E6: 1. Scroll the feed | F6: Every post shows its text body. White text, ~16 px, ~1.6 line-height. Never empty card with just an avatar | G6: Not Tested
A7: T-003 | B7: P0 | C7: Community | D7: Image posts display image | E7: 1. Find a post with a photo attachment | F7: Image renders at 4:3 aspect ratio, rounded corners, fully visible (not just an empty box) | G7: Not Tested
A8: T-004 | B8: P0 | C8: Community | D8: Video posts play with native controls | E8: 1. Find a post with a video attachment 2. Tap to play | F8: Native video player shows play/pause/scrubber. Audio works. Does NOT render as a broken image | G8: Not Tested
A9: T-005 | B9: P0 | C9: Community | D9: Post author avatar shows | E9: 1. Scan author chips in the feed | F9: Each post shows the author's uploaded photo if any, otherwise initials on a coloured gradient. Never a plain grey circle | G9: Not Tested
A10: T-006 | B10: P1 | C10: Community | D10: Like button toggles + count updates | E10: 1. Find an unliked post 2. Tap the heart 3. Tap again | F10: First tap: heart fills, count increments by 1. Second tap: heart empties, count decrements. Optimistic; rolls back on error | G10: Not Tested
A11: T-007 | B11: P1 | C11: Community | D11: Click post → detail page | E11: 1. Tap the body of any post (not the heart, not the author) | F11: Navigates to /community/post/<id> with the full post + comments thread visible | G11: Not Tested
A12: T-008 | B12: P1 | C12: Community | D12: Compose new text post | E12: 1. Click 'New post' / composer 2. Type body, no media 3. Submit | F12: Post appears at the top of the feed after submit. Composer clears + closes. Toast confirmation visible | G12: Not Tested
A13: T-009 | B13: P1 | C13: Community | D13: Compose post with image | E13: 1. Open composer 2. Pick an image from the picker 3. Type a caption 4. Submit | F13: Upload progress visible. Post appears with the image rendered. Backend stores media as src (not url) | G13: Not Tested
A14: T-010 | B14: P2 | C14: Community | D14: Compose post with video | E14: 1. Open composer 2. Pick a short MP4 3. Submit | F14: Upload completes within ~30 s for a 10 MB clip. Video plays inline with controls | G14: Not Tested
A15: T-011 | B15: P0 | C15: Community | D15: Tribe filter shows only your-tribe posts | E15: 1. Click 'Your Tribe' tab on community page | F15: Only posts authored by members of your tribe appear. If no tribe set, friendly prompt to pick one + button | G15: Not Tested
A16: T-012 | B16: P1 | C16: Community | D16: Load more / pagination works | E16: 1. Scroll to the bottom of the feed | F16: Older posts auto-load (or 'Load more' button works). No duplicate posts. No infinite spinner when there is nothing more | G16: Not Tested
... A25: T-021 | B25: P0 | C25: Community | D25: Block / Unblock / Report user works | E25: 1. Open another member's profile (/community/members/<id>) 2. Click ⋯ → Block 3. Confirm 4. Reverse from Profile → Blocked | F25: Block removes them from your feed + DMs. Their friend request is auto-torn down. Unblock restores. Report sends moderation entry | G25: Not Tested

Sheet Alex
A1: ATP Pre-Launch Tests — Alex
A2: Walk each row, set Status, leave Notes if Fail/Blocked. Filter the Status column when retesting.
A4: Test ID | B4: Priority | C4: Area | D4: Title | E4: Steps to reproduce | F4: Expected result | G4: Status | H4: Browser / Device | I4: Notes
A5: A-001 | B5: P0 | C5: Sessions | D5: Page hero is compact | E5: 1. Open /sessions.html 2. Note the hero height | F5: Top hero is ~1/4 the height of the old one. Title clamp(26,3.4vw,40). Padding nav-h+16/18. No 'Activities / Coaches / AED 0' stats card | G5: Not Tested
A6: A-002 | B6: P0 | C6: Sessions | D6: ph-stat-num + ph-stat-label removed | E6: 1. View the page source / inspect | F6: No `.ph-stat-num` or `.ph-stat-label` elements present. CSS rules also removed | G6: Not Tested
A7: A-003 | B7: P0 | C7: Sessions | D7: Calendar is the default view on load | E7: 1. Open /sessions.html in a fresh tab | F7: Calendar view (not list) appears immediately. 'Calendar' segmented button is active, list hidden, day-filter row hidden | G7: Not Tested
A8: A-004 | B8: P0 | C8: Sessions | D8: Tribe filter row loads | E8: 1. Look just below the hero | F8: 'All Sessions / Better Tribe / Faster Tribe / Stronger Tribe' pills are visible. 'All Sessions' is active by default | G8: Not Tested
A9: A-005 | B9: P0 | C9: Sessions | D9: Calendar shows current month | E9: 1. Look at the month label above the grid | F9: Reads e.g. 'June 2026'. Today's date highlighted with TODAY pill + green border + gentle pulse | G9: Not Tested
A10: A-006 | B10: P0 | C10: Sessions | D10: Today's cell visually distinct | E10: 1. Find today's date | F10: Green TODAY pill in top-right corner, green-tinted radial background, day number in green with subtle glow | G10: Not Tested
A11: A-007 | B11: P0 | C11: Sessions | D11: Days with sessions show count badge | E11: 1. Look at days that have sessions | F11: Small lime count badge top-right (e.g. '3'). Today shows TODAY pill instead (count badge hidden on today) | G11: Not Tested
A12: A-008 | B12: P0 | C12: Sessions | D12: Hovering a day with sessions shows popover | E12: 1. Hover the cursor over any session-day | F12: Popover smoothly scales+fades in below the cell. Lime-bordered card, dark bg | G12: Not Tested
A13: A-009 | B13: P0 | C13: Sessions | D13: Popover lists ALL sessions for that day | E13: 1. Hover a day with 4+ sessions 2. Read the popover | F13: Popover shows ALL sessions (not just the first 2). Header: 'Friday · June 27 — 4 sessions'. Each row: time + name + coach · location | G13: Not Tested
A14: A-010 | B14: P0 | C14: Sessions | D14: Popover row click opens session modal | E14: 1. Hover a day 2. Click a session row inside the popover | F14: Detail modal opens with name, day/time, coach, location, Book button — same UX as clicking a dot in the cell | G14: Not Tested
A15: A-011 | B15: P1 | C15: Sessions | D15: Last-row popovers flip UP | E15: 1. Navigate to a month where sessions land on rows 5-6 2. Hover one of those days | F15: Popover appears ABOVE the cell, not below (no clipping off the bottom of the viewport) | G15: Not Tested
A16: A-012 | B16: P1 | C16: Sessions | D16: Next / Prev month navigation | E16: 1. Click the right arrow (next month) 2. Click left arrow (prev) 3. Click 'Today' | F16: Grid re-renders for each. Today button returns to current month with today highlighted | G16: Not Tested
... A25: A-021 | B25: P0 | C25: Sessions | D25: Cancel booking | E25: 1. From My Sessions, click 'Cancel' on a future booking | F25: Confirm dialog. After confirm: booking moves out of upcoming, capacity restored by 1, QR no longer scannable | G25: Not Tested

Sheet Doha
A1: ATP Pre-Launch Tests — Doha
A2: Walk each row, set Status, leave Notes if Fail/Blocked. Filter the Status column when retesting.
A4: Test ID | B4: Priority | C4: Area | D4: Title | E4: Steps to reproduce | F4: Expected result | G4: Status | H4: Browser / Device | I4: Notes
A5: D-001 | B5: P0 | C5: Rewards | D5: Points balance displays correctly | E5: 1. Open /profile.html → Wallet tab (or /rewards if present) | F5: Current points balance matches /api/points/balance. Shown big + bold | G5: Not Tested
A6: D-002 | B6: P0 | C6: Rewards | D6: Points history table loads | E6: 1. Open transaction history widget | F6: Recent ledger entries listed with reason, +/- amount, running balance, date | G6: Not Tested
A7: D-003 | B7: P0 | C7: Rewards | D7: Offers grid loads on /offers.html | E7: 1. Open /offers.html | F7: Cards grid of available offers, each with image, name, points required, partner logo | G7: Not Tested
A8: D-004 | B8: P0 | C8: Rewards | D8: Click offer → detail page | E8: 1. Click any offer card | F8: Detail page with description, T&Cs, partner info, Redeem button | G8: Not Tested
A9: D-005 | B9: P0 | C9: Rewards | D9: Redeem with points → confirmation | E9: 1. On an offer with sufficient points, click Redeem 2. Confirm | F9: Points debited, redemption code shown (ATP-XXXX-XXXX), toast confirms, code visible in Wallet | G9: Not Tested
A10: D-006 | B10: P1 | C10: Rewards | D10: Redemption code visible in profile | E10: 1. After a redemption, open Profile → Wallet (or Store → My codes) | F10: Issued codes listed with status 'issued' until used | G10: Not Tested
A11: D-007 | B11: P1 | C11: Rewards | D11: Insufficient points blocks redemption | E11: 1. Try to redeem an offer that costs more than your balance | F11: Redeem button disabled or shows clear error. Points not debited | G11: Not Tested
A12: D-008 | B12: P0 | C12: Store | D12: Store page loads with products | E12: 1. Open /store.html | F12: Product carousel/grid loads from Shopify. Each card: image, name, price, type | G12: Not Tested
A13: D-009 | B13: P0 | C13: Store | D13: Click product → detail | E13: 1. Click any product card | F13: Either opens product detail (modal/page) or redirects to shop.atthepark.world product page | G13: Not Tested
A14: D-010 | B14: P1 | C14: Store | D14: Add to cart updates badge | E14: 1. Add a product to cart 2. Look at top-right cart icon | F14: Cart count badge increments. Persists across page nav | G14: Not Tested
A15: D-011 | B15: P1 | C15: Store | D15: Checkout via Shopify opens | E15: 1. With items in cart, click Checkout | F15: Either embedded Shopify checkout opens or redirect to Shopify hosted checkout. Cart contents preserved | G15: Not Tested
A16: D-012 | B16: P2 | C16: Store | D16: Wishlist add/remove works | E16: 1. Heart a product to add to wishlist 2. Remove from wishlist | F16: Add/remove toggles update wishlist persistently across sessions | G16: Not Tested
... A25: D-021 | B25: P2 | C25: Cookies | D25: Cookie consent banner shows for new visitors | E25: 1. Open homepage in a fresh incognito 2. Wait for the banner | F25: Banner appears within 1 s. Decline is the privacy-default. Accept persists; reload doesn't re-show | G25: Not Tested

Sheet Jay
A1: ATP Pre-Launch Tests — Jay
A2: Walk each row, set Status, leave Notes if Fail/Blocked. Filter the Status column when retesting.
A4: Test ID | B4: Priority | C4: Area | D4: Title | E4: Steps to reproduce | F4: Expected result | G4: Status | H4: Browser / Device | I4: Notes
A5: J-001 | B5: P0 | C5: Mobile | D5: Homepage renders correctly on iPhone (390 px) | E5: 1. DevTools → iPhone 14 (390 × 844) 2. Open homepage | F5: Hero readable, 'We are X ATP Members' counter visible, CTAs not clipped, ticker scrolls, footer reachable. No horizontal scroll | G5: Not Tested
A6: J-002 | B6: P0 | C6: Mobile | D6: Sessions calendar fits on small screen | E6: 1. iPhone 14 viewport 2. Open /sessions.html | F6: Calendar grid is fully visible without horizontal scroll. Day cells shrink (~64 px tall via responsive override). Day dots replaced with bullets | G6: Not Tested
A7: J-003 | B7: P0 | C7: Mobile | D7: Community feed scrolls smoothly | E7: 1. iPhone 14 viewport 2. Open /community.html 3. Scroll through ~20 posts | F7: Smooth 60 fps scroll. Images lazy-load. Videos don't auto-play. No layout jank | G7: Not Tested
A8: J-004 | B8: P0 | C8: Mobile | D8: Nav hamburger opens menu | E8: 1. iPhone 14 viewport 2. Click hamburger top-right | F8: Drawer slides in with full nav. Tap outside or X to close. Auth state correct (logged-in chrome OR Log in/Join free) | G8: Not Tested
A9: J-005 | B9: P0 | C9: Mobile | D9: Profile page renders on mobile | E9: 1. iPhone 14 viewport 2. Open /profile.html while logged in | F9: Avatar, name, badges, completion bar, stats grid all readable. Tab nav usable. No content cut off | G9: Not Tested
A10: J-006 | B10: P0 | C10: Browser | D10: Chrome (latest) — homepage works | E10: 1. Latest Chrome 2. Open homepage 3. Test login/logout, member counter, hero CTA | F10: Everything renders + works. No console errors. Lime accents visible. Fonts loaded (Barlow Condensed + DM Sans) | G10: Not Tested
A11: J-007 | B11: P0 | C11: Browser | D11: Safari (latest macOS) — homepage works | E11: 1. Latest Safari 2. Same checks | F11: Same expected behavior. No font fallbacks. Video posters render. SVG icons display | G11: Not Tested
A12: J-008 | B12: P0 | C12: Browser | D12: Firefox (latest) — homepage works | E12: 1. Latest Firefox 2. Same checks | F12: All works. Note any minor visual diffs (acceptable; document them) | G12: Not Tested
A13: J-009 | B13: P1 | C13: Browser | D13: Edge (latest) — homepage works | E13: 1. Latest Edge 2. Same checks | F13: All works. Should match Chrome behavior (same engine) | G13: Not Tested
A14: J-010 | B14: P2 | C14: Browser | D14: Safari iOS — touch interactions | E14: 1. Real iPhone with Safari iOS 17+ 2. Test the calendar popover (tap), session booking, scroll | F14: Tap-to-show popover works (no hover on iOS — verify tap toggles). Form inputs don't zoom. Apple sign-in flow available | G14: Not Tested
A15: J-011 | B15: P1 | C15: Performance | D15: Homepage loads in <3 s on 4G | E15: 1. DevTools → Network → 4G throttle 2. Hard refresh homepage 3. Note DOMContentLoaded + Load time | F15: DOMContentLoaded under 2 s, full Load under 3 s. Largest Contentful Paint under 2.5 s | G15: Not Tested
A16: J-012 | B16: P1 | C16: Performance | D16: No console errors on any public page | E16: 1. With devtools open, walk through: /index, /sessions, /community, /coaches, /store, /blog, /profile | F16: Zero red console errors. Warnings acceptable but noted | G16: Not Tested
... A25: J-021 | B25: P1 | C25: Other | D25: Blog page loads + post detail opens | E25: 1. Open /blog.html 2. Click any post | F25: Blog index lists posts. Detail page shows full body + author + cover image. OG meta in source | G25: Not Tested

Sheet Summary
A1: Pre-Launch Test Summary
A2: Live counts. Updates as each owner fills in Status.
A4: Owner | B4: Total | C4: Pass | D4: Fail | E4: Blocked | F4: Not Tested | G4: N/A | H4: Pass %
A5: Fredy | B5: =COUNTA('Fredy'!G5:G25) | C5: =COUNTIF('Fredy'!G5:G25,"Pass") | D5: =COUNTIF('Fredy'!G5:G25,"Fail") | E5: =COUNTIF('Fredy'!G5:G25,"Blocked") | F5: =COUNTIF('Fredy'!G5:G25,"Not Tested") | G5: =COUNTIF('Fredy'!G5:G25,"N/A") | H5: =IF((B5-G5)=0,0,C5/(B5-G5))
A6: Taty | B6: =COUNTA('Taty'!G5:G25) | C6: =COUNTIF('Taty'!G5:G25,"Pass") | D6: =COUNTIF('Taty'!G5:G25,"Fail") | E6: =COUNTIF('Taty'!G5:G25,"Blocked") | F6: =COUNTIF('Taty'!G5:G25,"Not Tested") | G6: =COUNTIF('Taty'!G5:G25,"N/A") | H6: =IF((B6-G6)=0,0,C6/(B6-G6))
A7: Alex | B7: =COUNTA('Alex'!G5:G25) | C7: =COUNTIF('Alex'!G5:G25,"Pass") | D7: =COUNTIF('Alex'!G5:G25,"Fail") | E7: =COUNTIF('Alex'!G5:G25,"Blocked") | F7: =COUNTIF('Alex'!G5:G25,"Not Tested") | G7: =COUNTIF('Alex'!G5:G25,"N/A") | H7: =IF((B7-G7)=0,0,C7/(B7-G7))
A8: Doha | B8: =COUNTA('Doha'!G5:G25) | C8: =COUNTIF('Doha'!G5:G25,"Pass") | D8: =COUNTIF('Doha'!G5:G25,"Fail") | E8: =COUNTIF('Doha'!G5:G25,"Blocked") | F8: =COUNTIF('Doha'!G5:G25,"Not Tested") | G8: =COUNTIF('Doha'!G5:G25,"N/A") | H8: =IF((B8-G8)=0,0,C8/(B8-G8))
A9: Jay | B9: =COUNTA('Jay'!G5:G25) | C9: =COUNTIF('Jay'!G5:G25,"Pass") | D9: =COUNTIF('Jay'!G5:G25,"Fail") | E9: =COUNTIF('Jay'!G5:G25,"Blocked") | F9: =COUNTIF('Jay'!G5:G25,"Not Tested") | G9: =COUNTIF('Jay'!G5:G25,"N/A") | H9: =IF((B9-G9)=0,0,C9/(B9-G9))
A10: TOTAL | B10: =SUM(B5:B9) | C10: =SUM(C5:C9) | D10: =SUM(D5:D9) | E10: =SUM(E5:E9) | F10: =SUM(F5:F9) | G10: =SUM(G5:G9) | H10: =IF((B10-G10)=0,0,C10/(B10-G10))
A14: Priority breakdown (across all owners)
A15: Priority | B15: Total | C15: Pass | D15: Fail | E15: Blocked | F15: Not Tested | G15: Pass %
A16: P0 | B16: =COUNTIF('Fredy'!B5:B25,"P0")+COUNTIF('Taty'!B5:B25,"P0")+COUNTIF('Alex'!B5:B25,"P0")+COUNTIF('Doha'!B5:B25,"P0")+COUNTIF('Jay'!B5:B25,"P0") | C16: =COUNTIFS('Fredy'!B5:B25,"P0",'Fredy'!G5:G25,"Pass")+COUNTIFS('Taty'!B5:B25,"P0",'Taty'!G5:G25,"Pass")+COUNTIFS('Alex'!B5:B25,"P0",'Alex'!G5:G25,"Pass")+COUNTIFS('Doha'!B5:B25,"P0",'Doha'!G5:G25,"Pass")+COUNTIFS('Jay'!B5:B25,"P0",'Jay'!G5:G25,"Pass") | D16: =COUNTIFS('Fredy'!B5:B25,"P0",'Fredy'!G5:G25,"Fail")+COUNTIFS('Taty'!B5:B25,"P0",'Taty'!G5:G25,"Fail")+COUNTIFS('Alex'!B5:B25,"P0",'Alex'!G5:G25,"Fail")+COUNTIFS('Doha'!B5:B25,"P0",'Doha'!G5:G25,"Fail")+COUNTIFS('Jay'!B5:B25,"P0",'Jay'!G5:G25,"Fail") | E16: =COUNTIFS('Fredy'!B5:B25,"P0",'Fredy'!G5:G25,"Blocked")+COUNTIFS('Taty'!B5:B25,"P0",'Taty'!G5:G25,"Blocked")+COUNTIFS('Alex'!B5:B25,"P0",'Alex'!G5:G25,"Blocked")+COUNTIFS('Doha'!B5:B25,"P0",'Doha'!G5:G25,"Blocked")+COUNTIFS('Jay'!B5:B25,"P0",'Jay'!G5:G25,"Blocked") | F16: =COUNTIFS('Fredy'!B5:B25,"P0",'Fredy'!G5:G25,"Not Tested")+COUNTIFS('Taty'!B5:B25,"P0",'Taty'!G5:G25,"Not Tested")+COUNTIFS('Alex'!B5:B25,"P0",'Alex'!G5:G25,"Not Tested")+COUNTIFS('Doha'!B5:B25,"P0",'Doha'!G5:G25,"Not Tested")+COUNTIFS('Jay'!B5:B25,"P0",'Jay'!G5:G25,"Not Tested") | G16: =IF((B16-F16)=0,0,C16/(B16-F16))
A17: P1 | B17: =COUNTIF('Fredy'!B5:B25,"P1")+COUNTIF('Taty'!B5:B25,"P1")+COUNTIF('Alex'!B5:B25,"P1")+COUNTIF('Doha'!B5:B25,"P1")+COUNTIF('Jay'!B5:B25,"P1") | C17: =COUNTIFS('Fredy'!B5:B25,"P1",'Fredy'!G5:G25,"Pass")+COUNTIFS('Taty'!B5:B25,"P1",'Taty'!G5:G25,"Pass")+COUNTIFS('Alex'!B5:B25,"P1",'Alex'!G5:G25,"Pass")+COUNTIFS('Doha'!B5:B25,"P1",'Doha'!G5:G25,"Pass")+COUNTIFS('Jay'!B5:B25,"P1",'Jay'!G5:G25,"Pass") | D17: =COUNTIFS('Fredy'!B5:B25,"P1",'Fredy'!G5:G25,"Fail")+COUNTIFS('Taty'!B5:B25,"P1",'Taty'!G5:G25,"Fail")+COUNTIFS('Alex'!B5:B25,"P1",'Alex'!G5:G25,"Fail")+COUNTIFS('Doha'!B5:B25,"P1",'Doha'!G5:G25,"Fail")+COUNTIFS('Jay'!B5:B25,"P1",'Jay'!G5:G25,"Fail") | E17: =COUNTIFS('Fredy'!B5:B25,"P1",'Fredy'!G5:G25,"Blocked")+COUNTIFS('Taty'!B5:B25,"P1",'Taty'!G5:G25,"Blocked")+COUNTIFS('Alex'!B5:B25,"P1",'Alex'!G5:G25,"Blocked")+COUNTIFS('Doha'!B5:B25,"P1",'Doha'!G5:G25,"Blocked")+COUNTIFS('Jay'!B5:B25,"P1",'Jay'!G5:G25,"Blocked") | F17: =COUNTIFS('Fredy'!B5:B25,"P1",'Fredy'!G5:G25,"Not Tested")+COUNTIFS('Taty'!B5:B25,"P1",'Taty'!G5:G25,"Not Tested")+COUNTIFS('Alex'!B5:B25,"P1",'Alex'!G5:G25,"Not Tested")+COUNTIFS('Doha'!B5:B25,"P1",'Doha'!G5:G25,"Not Tested")+COUNTIFS('Jay'!B5:B25,"P1",'Jay'!G5:G25,"Not Tested") | G17: =IF((B17-F17)=0,0,C17/(B17-F17))
A18: P2 | B18: =COUNTIF('Fredy'!B5:B25,"P2")+COUNTIF('Taty'!B5:B25,"P2")+COUNTIF('Alex'!B5:B25,"P2")+COUNTIF('Doha'!B5:B25,"P2")+COUNTIF('Jay'!B5:B25,"P2") | C18: =COUNTIFS('Fredy'!B5:B25,"P2",'Fredy'!G5:G25,"Pass")+COUNTIFS('Taty'!B5:B25,"P2",'Taty'!G5:G25,"Pass")+COUNTIFS('Alex'!B5:B25,"P2",'Alex'!G5:G25,"Pass")+COUNTIFS('Doha'!B5:B25,"P2",'Doha'!G5:G25,"Pass")+COUNTIFS('Jay'!B5:B25,"P2",'Jay'!G5:G25,"Pass") | D18: =COUNTIFS('Fredy'!B5:B25,"P2",'Fredy'!G5:G25,"Fail")+COUNTIFS('Taty'!B5:B25,"P2",'Taty'!G5:G25,"Fail")+COUNTIFS('Alex'!B5:B25,"P2",'Alex'!G5:G25,"Fail")+COUNTIFS('Doha'!B5:B25,"P2",'Doha'!G5:G25,"Fail")+COUNTIFS('Jay'!B5:B25,"P2",'Jay'!G5:G25,"Fail") | E18: =COUNTIFS('Fredy'!B5:B25,"P2",'Fredy'!G5:G25,"Blocked")+COUNTIFS('Taty'!B5:B25,"P2",'Taty'!G5:G25,"Blocked")+COUNTIFS('Alex'!B5:B25,"P2",'Alex'!G5:G25,"Blocked")+COUNTIFS('Doha'!B5:B25,"P2",'Doha'!G5:G25,"Blocked")+COUNTIFS('Jay'!B5:B25,"P2",'Jay'!G5:G25,"Blocked") | F18: =COUNTIFS('Fredy'!B5:B25,"P2",'Fredy'!G5:G25,"Not Tested")+COUNTIFS('Taty'!B5:B25,"P2",'Taty'!G5:G25,"Not Tested")+COUNTIFS('Alex'!B5:B25,"P2",'Alex'!G5:G25,"Not Tested")+COUNTIFS('Doha'!B5:B25,"P2",'Doha'!G5:G25,"Not Tested")+COUNTIFS('Jay'!B5:B25,"P2",'Jay'!G5:G25,"Not Tested") | G18: =IF((B18-F18)=0,0,C18/(B18-F18))
